{
    "accuracy": 0.625,
    "precision": 0.75,
    "recall": 0.6,
    "f1_score": 0.6666666666666666,
    "roc_auc": 0.7333333333333334,
    "confusion_matrix": [
        [
            2,
            1
        ],
        [
            2,
            3
        ]
    ]
}